format,prob,prev_01,prev_02,hit_rate_01,hit_rate_02,false_positive_01,false_positive_02,all_positive,CORRECT,die_bre_without,die_all_without,die_bre_with,die_all_with,add_treat,breast_remove,graph_numerator,P,TA,FP,TA1/FP1,TA1/P1,TA1/P2,risk_percentage
nfab,low,5,100,4,5,8,95,12,0.33,,,,,,,,0.05,0.8,0.08,0.5,0.8,0.04,10
nfab,high,10,200,8,10,4,190,12,0.67,,,,,,,,0.05,0.8,0.02,2,0.8,0.04,20
prre,low,0.05,,0.8,,0.08,,0.12,0.33,,,,,,,,0.05,0.8,0.08,0.5,0.8,0.04,30
prre,high,0.05,,0.8,,0.02,,0.06,0.67,,,,,,,,0.05,0.8,0.02,2,0.8,0.04,100
pifb,high,,,,,,,,,1,5,9,13,17,21,,,,,,,,
pifb,low,,,,,,,,,2,6,10,14,18,22,,,,,,,,
