ID,plugin,prompt,if_question,type,range,error_text
1,survey-text,"De las 1.000 personas que viven en un pequeño pueblo, 500 son miembros de un coro. De esos 500 miembros del coro, 100 son hombres. De los 500 habitantes que no pertenecen a un coro, 300 son hombres. ¿Cuál es la probabilidad de que un hombre seleccionado al azar sea miembro de un coro? Por favor, indique la probabilidad en porcentaje:",,number,"0, 100",Tienes que introducir un porcentaje entre 0 y 100
2,survey-text,"Imagina que tiramos un dado de cinco caras 50 veces. En promedio, de estas 50 tiradas, ¿cuántas veces crees que saldría un número impar (1, 3, o 5) en este dado de cinco caras? ______ de 50 tiradas.",1 != 25,number,"0, 50",Tienes que introducir un porcentaje entre 0 y 50
3,survey-text,"Imagina que tiramos un dado trucado de seis caras. La probabilidad de que salga un 6 al tirar el dado es el doble que la probabilidad de que salga uno de los demás números. En promedio, en 70 tiradas, ¿cuántas veces crees que saldría el número 6? ______ de 70 tiradas.",1 == 25,number,"0, 70",Tienes que introducir un porcentaje entre 0 y 70
4,survey-text,"En un bosque, el 20% de las setas son rojas, el 50% son marrones y el 30% son blancas. La probabilidad de que una seta roja sea venenosa es del 20%. La probabilidad de que una seta que no sea roja sea venenosa es del 5%. ¿Cuál es la probabilidad de que en el bosque una seta venenosa sea roja?",3 != 20,number,"0, 100",Tienes que introducir un porcentaje entre 0 y 100
